m_650,0:03.789
m_651,0:06.315
m_652,0:08.842
m_653,0:11.368
al credits,0:13.894
cammi credits,0:16.421
kaoru credits,0:18.947
title card,0:21.458
m_658,0:24.000
m_659,0:26.526
m_660,0:29.052
m_661,0:31.578
m_662,0:34.105
m_663,0:36.631
m_664,0:39.157
m_665,0:41.684
m_666,0:44.210
m_667,0:46.736
m_668,0:49.263
m_669,0:51.789
m_670,0:54.315
m_671,0:56.842
m_672,0:59.368
m_673,1:01.894
m_674,1:04.421
m_675,1:06.947
m_676,1:09.473
m_677,1:12.000
m_678,1:14.526
m_680,1:17.052
m_681,1:19.578
m_682,1:22.105
m_683,1:24.631
m_684,1:27.157
m_685,1:29.684
m_687,1:32.210
m_688,1:34.736
m_689,1:37.263
m_690,1:39.789
m_691,1:42.315
m_692,1:44.842
m_693,1:47.368
m_694,1:49.894
m_695,1:52.421
m_696,1:54.947
m_697,1:57.473
m_698,2:00.000
m_699,2:02.526
m_700,2:05.052
m_701,2:07.578
m_702,2:10.105
m_703,2:12.631
m_704,2:15.157
m_705,2:17.684
m_706,2:20.210
m_707,2:22.736
m_708,2:25.263
m_709,2:27.789
m_710,2:30.315
m_712,2:32.842
m_713,2:35.368
m_714,2:37.894
